1,1,1,FECHA ACTUAL
2,4,1,2020-05-14 01:39:18.407666
3,4,1,2020-05-14 01:40:59.595512
4,10,1,2020-05-14 08:48:06.684743
5,2,1,2020-05-14 08:53:31.383742
6,10,1,2020-05-14 09:15:22.366832
7,10,1,2020-05-14 09:15:22.614685
8,10,1,2020-05-14 09:16:19.853959
9,10,1,2020-05-14 09:37:34.922993
10,11,1,2020-05-14 10:04:38.144540
11,11,1,2020-05-14 10:04:54.744434
12,10,1,2020-05-14 10:50:06.101494
13,10,1,2020-05-14 10:58:22.161869
14,10,1,2020-05-14 11:04:30.256323
15,2,1,2020-05-15 09:49:51.534719
16,4,1,2020-05-15 22:19:58.982208
17,4,1,2020-05-15 22:21:43.835510
18,4,1,2020-05-15 22:22:36.310622
19,4,1,2020-05-15 22:23:42.223463
20,4,1,2020-05-15 22:24:37.709543
21,4,1,2020-05-15 22:25:49.662064
22,4,1,2020-05-15 22:26:32.842680
23,4,1,2020-05-15 22:26:55.401934
24,4,1,2020-05-15 22:27:33.746292
25,4,1,2020-05-15 22:31:00.182507
26,4,1,2020-05-15 22:31:22.123806
27,4,1,2020-05-15 22:38:40.382186
28,4,1,2020-05-15 22:41:27.315069
29,4,1,2020-05-15 22:42:01.737261
30,4,1,2020-05-15 22:42:47.138287
31,4,1,2020-05-15 22:43:44.245109
32,4,1,2020-05-15 22:44:15.327168
33,4,1,2020-05-15 23:36:48.720208
34,4,1,2020-05-16 11:23:29.455498
35,4,1,2020-05-16 13:33:42.885934
36,4,1,2020-05-17 13:00:07.685679
37,4,1,2020-05-17 14:18:05.102492
38,9,1,2020-05-17 16:04:20.329937
39,9,1,2020-05-17 16:09:43.515863
40,9,1,2020-05-17 16:10:02.128799
41,9,1,2020-05-17 16:11:22.396688
42,2,1,2020-05-17 18:51:49.986244
43,6,1,2020-05-17 18:54:39.459384
44,6,1,2020-05-17 19:34:14.465783
45,9,1,2020-05-17 20:00:41.472737
46,11,1,2020-05-17 20:38:22.950856
47,4,1,2020-05-17 22:00:33.785653
48,5,1,2020-05-17 22:21:14.795179
49,4,1,2020-05-17 22:36:04.641928
50,4,1,2020-05-17 22:38:28.200439
51,7,1,2020-05-17 23:33:28.719779
52,4,1,2020-05-17 23:43:10.677688
53,5,1,2020-05-18 07:40:29.145894
54,10,1,2020-05-18 08:37:34.170956
55,10,1,2020-05-18 08:38:00.343261
56,5,1,2020-05-18 08:55:52.010767
57,5,1,2020-05-18 08:59:45.181917
58,10,1,2020-05-18 09:24:32.739496
59,2,1,2020-05-18 10:25:18.611162
60,6,1,2020-05-18 11:04:35.563701
61,9,1,2020-05-18 11:57:21.954569
62,10,1,2020-05-18 12:35:17.173691
63,8,1,2020-05-18 14:04:57.950294
64,8,1,2020-05-18 14:09:08.046525
65,8,1,2020-05-18 14:09:28.336702
66,8,1,2020-05-18 14:09:31.584327
67,8,1,2020-05-18 14:17:30.877835
68,8,1,2020-05-18 14:21:20.904189
69,11,1,2020-05-18 19:38:01.298283
70,11,1,2020-05-18 19:38:10.461950
71,11,1,2020-05-18 19:41:18.608761
72,5,1,2020-05-18 21:27:40.663761
73,5,1,2020-05-18 21:32:03.258869
74,8,1,2020-05-19 07:48:15.781341
75,8,1,2020-05-19 07:49:25.022885
76,11,1,2020-05-19 08:41:24.877860
77,11,1,2020-05-19 08:46:22.459476
78,11,1,2020-05-19 08:47:05.092403
79,11,1,2020-05-19 09:21:35.754320
80,2,1,2020-05-19 09:40:37.031592
81,2,1,2020-05-19 09:56:07.528104
82,7,1,2020-05-19 10:45:25.935856
83,7,1,2020-05-19 12:03:57.981067
84,7,1,2020-05-19 12:06:55.570119
85,7,1,2020-05-19 12:28:05.278818
86,7,1,2020-05-19 12:30:55.397903
87,7,1,2020-05-19 12:38:30.637811
88,10,1,2020-05-19 13:26:11.277270
89,11,1,2020-05-19 15:49:43.414366
90,9,1,2020-05-19 17:37:11.908642
91,9,1,2020-05-19 17:38:35.994921
92,9,1,2020-05-19 17:47:27.760899
93,9,1,2020-05-19 18:19:46.776991
94,9,1,2020-05-19 18:21:21.739259
95,5,1,2020-05-19 18:40:20.464308
96,11,1,2020-05-19 20:10:27.720915
97,11,1,2020-05-19 20:11:07.454586
98,11,1,2020-05-19 20:12:22.000486
99,9,1,2020-05-19 21:04:00.262089
100,4,1,2020-05-19 21:27:59.742851
101,4,1,2020-05-19 21:58:43.537133
102,4,1,2020-05-19 22:00:32.777629
103,6,1,2020-05-19 22:02:54.926697
104,4,1,2020-05-19 22:12:32.720695
105,4,1,2020-05-19 22:13:54.873100
106,4,1,2020-05-19 22:23:58.860365
107,4,1,2020-05-19 22:31:57.289550
108,4,1,2020-05-19 22:45:08.136408
109,11,1,2020-05-19 22:50:35.073307
110,11,1,2020-05-19 22:57:31.515503
111,4,1,2020-05-20 00:37:30.986659
112,5,1,2020-05-20 00:53:21.779462
113,10,1,2020-05-20 03:49:52.380370
114,10,1,2020-05-20 03:59:40.137971
115,10,1,2020-05-20 04:19:40.242980
116,7,1,2020-05-20 08:43:01.444252
117,6,1,2020-05-20 09:18:58.699274
118,2,1,2020-05-20 09:26:33.306529
119,9,1,2020-05-20 10:36:20.064579
120,9,1,2020-05-20 10:37:30.734643
121,9,1,2020-05-20 10:39:05.944102
122,10,1,2020-05-20 11:44:15.095547
123,9,1,2020-05-20 12:52:51.732911
124,9,1,2020-05-20 12:54:32.844124
125,9,1,2020-05-20 12:57:02.386093
126,9,1,2020-05-20 13:00:49.101952
127,9,1,2020-05-20 13:03:20.421898
128,9,1,2020-05-20 13:04:02.048167
129,9,1,2020-05-20 13:05:30.495716
130,5,1,2020-05-20 13:22:06.310664
131,4,1,2020-05-20 13:43:02.237175
132,4,1,2020-05-20 13:44:45.578935
133,10,1,2020-05-20 13:55:15.990177
134,10,1,2020-05-20 14:10:02.962982
135,4,1,2020-05-20 14:40:54.111438
136,7,1,2020-05-20 16:46:18.996334
137,8,1,2020-05-20 16:53:40.664854
138,8,1,2020-05-20 16:56:00.251773
139,8,1,2020-05-20 16:56:53.824697
140,5,1,2020-05-20 20:48:26.044941
141,7,1,2020-05-20 21:52:15.841465
142,7,1,2020-05-20 22:21:24.462664
143,11,1,2020-05-20 22:51:11.765031
144,11,1,2020-05-20 22:54:02.301701
145,7,1,2020-05-20 23:08:14.279187
146,11,1,2020-05-20 23:08:42.905262
147,11,1,2020-05-20 23:08:47.609910
148,11,1,2020-05-20 23:09:15.209227
149,4,1,2020-05-21 07:36:13.977919
150,4,1,2020-05-21 08:04:51.301326
151,2,1,2020-05-21 08:59:37.154420
152,6,1,2020-05-21 09:02:24.223210
153,4,1,2020-05-21 15:52:44.345793
154,4,1,2020-05-21 16:02:44.278946
155,7,1,2020-05-21 16:09:44.378233
156,4,1,2020-05-21 16:25:51.038261
157,4,1,2020-05-21 16:46:15.625822
158,2,1,2020-05-22 10:08:17.650285
159,11,1,2020-05-22 17:16:37.103839
160,11,1,2020-05-22 17:16:51.092706
161,4,1,2020-05-23 11:39:41.025757
162,4,1,2020-05-23 11:40:13.252237
163,9,1,2020-05-23 14:56:36.747573
164,11,1,2020-05-24 09:29:08.860520
165,11,1,2020-05-24 10:16:02.944602
166,9,1,2020-05-24 12:22:16.188904
167,9,1,2020-05-24 16:45:25.623975
168,6,1,2020-05-24 19:39:24.696527
169,11,1,2020-05-24 19:43:52.733698
170,6,1,2020-05-24 21:10:27.797181
171,4,1,2020-05-24 21:53:41.420486
172,11,1,2020-05-24 22:18:39.859059
173,11,1,2020-05-24 22:19:17.485105
174,11,1,2020-05-24 22:23:23.412981
175,5,1,2020-05-24 23:28:20.422321
176,4,1,2020-05-25 00:58:43.100973
177,7,1,2020-05-25 01:00:43.378974
178,7,1,2020-05-25 01:11:50.351292
179,10,1,2020-05-25 08:21:41.479567
180,10,1,2020-05-25 08:28:29.239690
181,2,1,2020-05-25 09:27:35.367214
182,10,1,2020-05-25 09:31:44.457385
183,10,1,2020-05-25 10:04:00.865513
184,10,1,2020-05-25 10:11:15.692558
185,10,1,2020-05-25 10:34:35.852658
186,8,1,2020-05-25 12:42:22.321201
187,11,1,2020-05-25 16:28:11.811390
188,11,1,2020-05-25 16:55:46.401598
189,4,1,2020-05-25 18:12:33.236449
190,4,1,2020-05-25 18:12:55.015550
191,4,1,2020-05-25 18:18:58.649120
192,4,1,2020-05-25 18:21:26.712671
193,4,1,2020-05-25 18:21:29.980426
194,4,1,2020-05-25 18:27:39.661289
195,4,1,2020-05-25 18:34:53.932313
196,4,1,2020-05-25 18:39:21.335347
197,7,1,2020-05-25 20:02:35.758618
198,7,1,2020-05-25 20:07:22.583060
199,7,1,2020-05-25 20:52:40.495087
200,7,1,2020-05-25 20:54:42.490991
201,7,1,2020-05-25 21:10:35.095975
202,6,1,2020-05-25 21:25:32.722034
203,4,1,2020-05-25 22:43:02.951093
204,10,1,2020-05-25 23:25:39.510610
205,10,1,2020-05-25 23:26:43.177612
206,10,1,2020-05-25 23:42:59.438526
207,10,1,2020-05-26 09:22:01.599746
208,4,1,2020-05-26 10:20:30.775553
209,9,1,2020-05-26 13:00:43.624267
210,10,1,2020-05-26 13:59:09.632196
211,10,1,2020-05-26 14:03:39.918371
212,8,1,2020-05-26 14:22:31.968222
213,11,1,2020-05-26 15:10:35.869662
214,9,1,2020-05-26 15:15:51.050148
215,9,1,2020-05-26 15:17:48.229671
216,9,1,2020-05-26 15:19:30.362842
217,9,1,2020-05-26 15:26:54.628787
218,11,1,2020-05-26 15:32:48.102456
219,11,1,2020-05-26 15:37:29.311512
220,9,1,2020-05-26 15:58:00.173831
221,9,1,2020-05-26 15:58:48.793709
222,9,1,2020-05-26 15:59:29.188381
223,9,1,2020-05-26 16:00:14.998707
224,2,1,2020-05-26 17:20:49.669502
225,5,1,2020-05-26 18:15:41.343633
226,11,1,2020-05-26 19:54:47.427625
227,5,1,2020-05-26 20:04:32.098739
228,11,1,2020-05-26 20:35:13.502677
229,11,1,2020-05-26 20:39:10.958238
230,11,1,2020-05-26 21:02:57.701738
231,11,1,2020-05-26 21:47:53.586479
232,11,1,2020-05-26 21:57:26.158039
233,11,1,2020-05-26 21:58:04.433761
234,11,1,2020-05-26 22:52:20.644157
235,11,1,2020-05-26 22:52:37.376841
236,4,1,2020-05-26 22:54:24.325649
237,11,1,2020-05-26 22:55:29.441192
238,11,1,2020-05-26 22:58:31.378636
239,11,1,2020-05-26 23:06:50.436165
240,6,1,2020-05-27 08:33:00.012688
241,2,1,2020-05-27 08:56:43.743509
242,8,1,2020-05-27 11:12:31.231874
243,4,1,2020-05-27 11:20:13.504257
244,8,1,2020-05-27 11:28:55.916174
245,8,1,2020-05-27 12:14:51.112601
246,8,1,2020-05-27 12:16:53.821776
247,10,1,2020-05-27 12:39:42.303242
248,11,1,2020-05-27 13:06:40.120051
249,11,1,2020-05-27 13:07:00.477545
250,5,1,2020-05-27 14:04:49.634931
251,4,1,2020-05-27 14:09:57.273325
252,4,1,2020-05-27 14:10:04.610197
253,7,1,2020-05-27 14:50:20.421695
254,9,1,2020-05-27 15:18:50.660529
255,6,1,2020-05-27 19:10:48.470795
256,8,1,2020-05-27 19:14:06.176866
257,6,1,2020-05-27 19:14:29.380959
258,6,1,2020-05-27 19:15:20.755506
259,4,1,2020-05-27 23:29:57.426104
260,2,1,2020-05-28 08:48:07.122046
261,10,1,2020-05-28 09:23:54.952613
262,6,1,2020-05-28 11:00:50.036957
263,4,1,2020-05-28 11:04:57.942395
264,11,1,2020-05-28 11:29:14.709220
265,11,1,2020-05-28 11:29:40.162346
266,11,1,2020-05-28 11:34:21.717632
267,11,1,2020-05-28 11:36:51.161020
268,5,1,2020-05-28 14:05:34.446448
269,5,1,2020-05-28 14:16:28.311433
270,6,1,2020-05-28 15:39:18.207771
271,6,1,2020-05-28 15:42:13.898919
272,6,1,2020-05-28 15:43:05.021609
273,7,1,2020-05-28 15:54:49.383819
274,6,1,2020-05-28 15:54:49.881698
275,7,1,2020-05-28 15:57:53.681423
276,9,1,2020-05-28 16:01:29.614204
277,9,1,2020-05-28 16:01:48.544592
278,6,1,2020-05-28 16:17:38.419841
279,6,1,2020-05-28 16:21:59.931682
280,6,1,2020-05-28 16:22:52.494790
281,6,1,2020-05-28 16:23:18.580731
282,6,1,2020-05-28 16:28:51.219819
283,6,1,2020-05-28 16:35:41.901204
284,6,1,2020-05-28 16:38:24.150193
285,6,1,2020-05-28 16:38:40.314309
286,6,1,2020-05-28 16:42:37.938667
287,6,1,2020-05-28 16:44:09.592799
288,6,1,2020-05-28 16:46:33.913176
289,6,1,2020-05-28 16:46:56.166009
290,6,1,2020-05-28 16:47:12.928812
291,6,1,2020-05-28 16:47:58.210380
292,6,1,2020-05-28 16:48:59.998286
293,6,1,2020-05-28 16:49:33.140333
294,6,1,2020-05-28 16:50:50.648635
295,6,1,2020-05-28 16:52:56.625963
296,6,1,2020-05-28 16:53:12.885394
297,6,1,2020-05-28 16:54:23.011051
298,6,1,2020-05-28 16:55:24.400340
299,6,1,2020-05-28 16:55:39.948232
300,6,1,2020-05-28 16:57:04.182276
301,6,1,2020-05-28 18:24:08.608319
302,6,1,2020-05-28 19:22:01.869873
303,6,1,2020-05-28 19:23:59.384774
304,4,1,2020-05-28 19:33:51.050695
305,6,1,2020-05-28 19:54:34.529460
306,6,1,2020-05-28 20:00:32.141427
307,6,1,2020-05-28 20:01:09.659080
308,2,1,2020-05-29 10:07:21.594962
309,10,1,2020-05-29 11:46:50.106721
310,11,1,2020-05-29 13:49:33.327062
311,11,1,2020-05-29 13:50:37.588025
312,11,1,2020-05-29 13:54:49.657556
313,10,1,2020-05-29 13:55:06.990256
314,5,1,2020-05-29 15:42:26.952942
315,5,1,2020-05-29 15:43:03.161786
316,5,1,2020-05-29 16:10:43.121270
317,5,1,2020-05-29 16:27:17.787471
318,9,1,2020-05-29 17:02:58.822575
319,4,1,2020-05-29 17:34:15.001519
320,11,1,2020-05-29 19:36:33.092910
321,10,1,2020-05-30 13:33:49.298361
322,11,1,2020-05-30 16:10:43.299174
323,5,1,2020-05-30 16:27:47.421277
324,8,1,2020-05-31 11:14:24.902910
325,9,1,2020-05-31 13:32:12.364950
326,9,1,2020-05-31 13:32:52.176509
327,9,1,2020-05-31 13:36:15.746881
328,9,1,2020-05-31 13:36:19.064232
329,9,1,2020-05-31 13:37:31.891030
330,6,1,2020-05-31 16:42:29.843943
331,6,1,2020-05-31 19:44:02.363050
332,5,1,2020-05-31 20:46:54.355775
333,6,1,2020-05-31 21:15:30.183473
334,11,1,2020-05-31 22:41:05.820804
335,5,1,2020-05-31 23:07:08.946470
336,4,1,2020-05-31 23:40:08.193402
337,11,1,2020-06-01 00:57:01.981961
338,2,1,2020-06-01 07:39:03.464609
339,5,1,2020-06-01 07:45:47.471678
340,10,1,2020-06-01 08:33:40.994346
341,5,1,2020-06-01 08:37:43.340636
342,5,1,2020-06-01 08:45:59.503516
343,10,1,2020-06-01 08:48:19.336236
344,10,1,2020-06-01 08:48:39.020117
345,10,1,2020-06-01 08:51:45.185395
346,10,1,2020-06-01 09:09:33.840220
347,10,1,2020-06-01 09:15:04.429017
348,10,1,2020-06-01 09:17:34.262443
349,10,1,2020-06-01 09:17:46.814498
350,10,1,2020-06-01 09:46:15.644255
351,10,1,2020-06-01 09:59:10.615821
352,10,1,2020-06-01 10:01:13.451046
353,10,1,2020-06-01 10:02:17.527103
354,10,1,2020-06-01 10:44:03.502181
355,10,1,2020-06-01 12:15:25.718508
356,10,1,2020-06-01 12:26:45.346598
357,10,1,2020-06-01 13:24:05.551854
358,10,1,2020-06-01 13:36:59.803435
359,7,1,2020-06-01 14:11:53.036067
360,4,1,2020-06-01 15:05:21.773722
361,4,1,2020-06-01 15:06:01.022703
362,4,1,2020-06-01 17:03:17.936557
363,4,1,2020-06-01 17:32:18.886085
364,4,1,2020-06-01 17:32:52.982046
365,9,1,2020-06-01 20:10:04.018436
366,6,1,2020-06-01 21:05:48.050331
367,6,1,2020-06-01 21:07:33.794380
368,6,1,2020-06-01 21:12:12.054489
369,6,1,2020-06-01 21:13:06.085229
370,6,1,2020-06-01 21:14:49.964395
371,6,1,2020-06-01 21:21:25.385288
372,6,1,2020-06-01 21:23:32.297527
373,6,1,2020-06-01 21:27:54.039929
374,6,1,2020-06-01 21:28:57.656711
375,6,1,2020-06-01 21:29:33.147646
376,6,1,2020-06-01 21:30:16.517417
377,6,1,2020-06-01 21:34:19.329138
378,10,1,2020-06-01 21:52:45.969268
379,6,1,2020-06-01 22:03:08.634212
380,10,1,2020-06-01 22:21:46.482352
381,6,1,2020-06-01 22:58:32.751175
382,4,1,2020-06-02 09:11:35.165194
383,10,1,2020-06-02 09:20:06.962252
384,11,1,2020-06-02 10:03:25.090927
385,5,1,2020-06-02 14:09:32.903466
386,5,1,2020-06-02 14:10:04.324112
387,9,1,2020-06-02 14:12:59.066635
388,10,1,2020-06-02 14:52:20.447335
389,6,1,2020-06-02 15:01:56.413879
390,8,1,2020-06-02 15:50:56.430636
391,4,1,2020-06-02 16:18:01.370606
392,2,1,2020-06-02 17:50:49.143909
393,4,1,2020-06-02 18:35:31.897056
394,4,1,2020-06-02 18:39:17.895855
395,4,1,2020-06-02 18:39:25.631880
396,4,1,2020-06-02 23:21:03.520467
397,5,1,2020-06-03 00:53:43.975755
398,2,1,2020-06-03 08:20:07.336974
399,11,1,2020-06-03 09:35:06.070274
400,10,1,2020-06-03 10:15:02.286825
401,5,1,2020-06-03 10:27:45.806236
402,5,1,2020-06-03 10:28:55.605103
403,10,1,2020-06-03 10:38:12.699430
404,10,1,2020-06-03 11:34:14.800480
405,10,1,2020-06-03 11:34:30.952197
406,10,1,2020-06-03 13:45:51.734001
407,10,1,2020-06-03 13:57:47.436337
408,10,1,2020-06-03 14:09:42.965018
409,10,1,2020-06-03 14:09:55.936687
410,10,1,2020-06-03 14:16:14.910356
411,4,1,2020-06-03 14:56:06.884185
412,4,1,2020-06-03 14:57:21.015657
413,4,1,2020-06-03 14:58:10.010002
414,4,1,2020-06-03 16:33:55.167207
415,4,1,2020-06-03 16:34:23.475535
416,9,1,2020-06-03 17:55:54.921274
417,7,1,2020-06-04 00:11:09.760842
418,2,1,2020-06-04 08:06:58.864832
419,2,1,2020-06-04 14:58:38.553919
420,11,1,2020-06-04 18:40:34.942249
421,11,1,2020-06-04 19:01:51.874466
422,11,1,2020-06-04 19:25:54.915622
423,11,1,2020-06-04 19:26:17.790138
424,11,1,2020-06-04 19:31:28.473487
425,11,1,2020-06-04 19:31:43.333783
426,11,1,2020-06-04 19:33:22.912322
427,11,1,2020-06-04 19:34:36.575585
428,6,1,2020-06-04 20:06:54.060681
429,2,1,2020-06-05 09:26:33.118229
430,11,1,2020-06-05 15:29:42.613150
431,11,1,2020-06-05 20:35:49.625711
432,11,1,2020-06-05 20:36:01.986361
433,11,1,2020-06-06 21:08:28.783403
434,11,1,2020-06-06 21:14:55.662220
435,9,1,2020-06-07 11:35:56.471229
436,9,1,2020-06-07 11:41:23.717095
437,9,1,2020-06-07 12:13:24.373834
438,9,1,2020-06-07 13:23:51.740717
439,9,1,2020-06-07 13:24:27.330029
440,9,1,2020-06-07 13:24:40.800708
441,9,1,2020-06-07 14:35:22.825453
442,8,1,2020-06-07 16:37:51.435670
443,9,1,2020-06-07 17:36:09.581562
444,9,1,2020-06-07 17:37:39.589181
445,9,1,2020-06-07 17:38:27.308178
446,9,1,2020-06-07 17:39:28.102648
447,11,1,2020-06-07 20:12:49.502763
448,5,1,2020-06-07 21:17:38.827306
449,6,1,2020-06-07 22:31:27.767049
450,4,1,2020-06-07 23:17:25.162216
451,7,1,2020-06-08 08:37:39.985757
452,2,1,2020-06-08 08:45:16.228609
453,2,1,2020-06-08 08:55:44.394104
454,2,1,2020-06-08 09:20:22.089733
455,10,1,2020-06-08 09:32:43.494170
456,10,1,2020-06-08 09:39:45.348713
457,10,1,2020-06-08 09:40:02.023034
458,10,1,2020-06-08 09:40:49.106742
459,10,1,2020-06-08 09:43:52.832604
460,8,1,2020-06-08 11:29:04.950838
461,8,1,2020-06-08 12:23:40.765954
462,9,1,2020-06-08 13:48:53.351031
463,8,1,2020-06-08 14:39:08.109790
464,8,1,2020-06-08 14:44:16.588192
465,8,1,2020-06-08 14:46:19.247808
466,8,1,2020-06-08 14:47:27.287310
467,8,1,2020-06-08 15:12:50.162450
468,7,1,2020-06-08 15:14:44.806373
469,8,1,2020-06-08 16:12:05.056778
470,8,1,2020-06-08 16:12:33.675798
471,8,1,2020-06-08 16:14:25.429461
472,8,1,2020-06-08 16:14:51.689816
473,8,1,2020-06-08 16:15:19.546588
474,8,1,2020-06-08 16:35:41.790742
475,10,1,2020-06-08 20:02:16.459734
476,10,1,2020-06-08 21:01:15.811711
477,10,1,2020-06-08 21:05:14.160444
478,10,1,2020-06-08 21:06:22.402035
479,10,1,2020-06-08 21:07:58.736243
480,10,1,2020-06-08 21:09:00.322503
481,5,1,2020-06-08 22:32:30.434162
482,5,1,2020-06-08 22:36:57.544296
483,5,1,2020-06-08 22:42:18.259886
484,10,1,2020-06-09 08:21:39.989432
485,4,1,2020-06-09 10:25:25.424059
486,9,1,2020-06-09 13:10:41.058380
487,4,1,2020-06-09 13:31:38.933614
488,9,1,2020-06-09 13:56:54.483213
489,9,1,2020-06-09 14:51:46.140230
490,8,1,2020-06-09 18:49:34.223808
491,5,1,2020-06-09 19:02:48.823066
492,5,1,2020-06-09 19:31:15.998901
493,5,1,2020-06-09 19:31:49.791488
494,8,1,2020-06-09 19:42:43.932873
495,7,1,2020-06-09 21:21:30.317272
496,9,1,2020-06-09 22:08:10.576310
497,9,1,2020-06-09 22:09:18.574025
498,9,1,2020-06-09 22:10:23.139455
499,2,1,2020-06-10 07:37:28.103432
500,4,1,2020-06-10 08:50:08.883093
501,10,1,2020-06-10 09:05:55.127366
502,8,1,2020-06-10 10:10:44.790224
503,10,1,2020-06-10 10:44:43.074206
504,9,1,2020-06-10 13:51:43.828317
505,9,1,2020-06-10 13:53:39.565294
506,8,1,2020-06-10 14:37:09.811716
507,11,1,2020-06-10 18:11:13.548113
508,11,1,2020-06-10 18:11:46.593865
509,11,1,2020-06-10 18:12:17.511386
510,11,1,2020-06-10 18:13:56.136971
511,4,1,2020-06-10 21:23:28.093103
512,2,1,2020-06-11 07:28:46.966240
513,9,1,2020-06-11 08:29:20.071607
514,9,1,2020-06-11 08:29:20.552785
515,10,1,2020-06-11 08:51:43.254589
516,11,1,2020-06-11 14:45:11.113814
517,7,1,2020-06-11 14:57:27.081712
518,10,1,2020-06-11 15:34:32.052684
519,10,1,2020-06-11 15:38:25.392292
520,4,1,2020-06-11 16:37:55.761237
521,10,1,2020-06-11 18:01:59.748455
522,4,1,2020-06-11 19:10:31.197107
523,4,1,2020-06-11 19:10:41.444773
524,4,1,2020-06-11 19:10:43.175773
525,11,1,2020-06-11 19:14:14.250222
526,9,1,2020-06-11 19:18:37.469193
527,9,1,2020-06-11 19:18:38.890786
528,8,1,2020-06-11 19:34:21.962289
529,2,1,2020-06-11 19:47:57.993349
530,2,1,2020-06-11 19:57:02.374968
531,5,1,2020-06-11 21:28:28.564735
532,9,1,2020-06-12 08:29:30.750633
533,9,1,2020-06-12 08:47:26.280506
534,2,1,2020-06-12 10:59:13.655991
535,11,1,2020-06-12 12:13:37.827404
536,11,1,2020-06-12 12:44:18.139809
537,10,1,2020-06-12 13:04:37.267179
538,8,1,2020-06-12 13:09:54.564880
539,5,1,2020-06-12 13:21:13.453985
540,6,1,2020-06-12 20:20:25.966064
541,10,1,2020-06-13 11:02:13.064265
542,2,1,2020-06-13 11:44:32.408998
543,7,1,2020-06-13 13:48:14.177636
544,9,1,2020-06-13 16:25:52.080276
545,11,1,2020-06-13 17:44:31.973585
546,11,1,2020-06-13 17:45:05.873501
547,11,1,2020-06-13 17:45:59.273967
548,11,1,2020-06-13 18:52:20.266054
549,4,1,2020-06-13 19:54:30.945690
550,4,1,2020-06-13 21:56:04.135323
551,4,1,2020-06-13 22:14:50.836405
552,4,1,2020-06-13 22:16:53.021366
553,7,1,2020-06-13 22:23:27.125002
554,2,1,2020-06-13 23:27:27.570913
555,2,1,2020-06-13 23:31:51.030231
556,7,1,2020-06-13 23:47:07.515668
557,2,1,2020-06-14 09:04:18.073755
558,4,1,2020-06-14 11:28:46.964117
559,4,1,2020-06-14 11:32:39.989963
560,4,1,2020-06-14 11:45:17.195040
561,9,1,2020-06-14 11:54:28.083962
562,8,1,2020-06-14 12:58:35.059905
563,8,1,2020-06-14 13:06:24.394845
564,8,1,2020-06-14 13:09:05.578983
565,8,1,2020-06-14 13:09:21.039656
566,8,1,2020-06-14 13:12:36.064070
567,8,1,2020-06-14 13:13:47.861385
568,2,1,2020-06-14 17:28:40.872275
569,11,1,2020-06-14 20:49:22.177612
570,11,1,2020-06-14 20:50:58.912957
571,5,1,2020-06-15 01:26:57.424083
572,5,1,2020-06-15 02:19:26.538592
573,4,1,2020-06-15 02:36:25.621557
574,8,1,2020-06-15 09:22:37.166833
575,8,1,2020-06-15 09:25:33.744021
576,4,1,2020-06-15 09:36:44.781405
577,4,1,2020-06-15 09:37:32.801460
578,10,1,2020-06-15 09:39:11.919835
579,9,1,2020-06-15 09:47:40.057244
580,9,1,2020-06-15 09:48:57.114525
581,4,1,2020-06-15 09:50:41.524943
582,9,1,2020-06-15 09:50:47.952390
583,9,1,2020-06-15 09:51:24.340920
584,10,1,2020-06-15 09:54:51.095387
585,10,1,2020-06-15 10:12:19.860372
586,8,1,2020-06-15 10:26:34.750780
587,2,1,2020-06-15 12:33:33.073659
588,6,1,2020-06-15 12:38:11.824292
589,9,1,2020-06-15 13:18:46.287766
590,9,1,2020-06-15 13:33:59.327286
591,4,1,2020-06-15 13:35:02.228837
592,4,1,2020-06-15 13:35:17.358381
593,10,1,2020-06-15 14:54:19.989495
594,10,1,2020-06-15 15:06:51.320877
595,10,1,2020-06-15 15:40:57.683649
628,9,1,2020-06-15 17:52:14.119521
629,9,1,2020-06-15 17:55:18.801453
630,10,1,2020-06-16 09:20:02.486108
631,10,1,2020-06-16 12:25:07.460566
632,9,1,2020-06-16 16:31:43.855416
633,5,1,2020-06-17 00:08:15.907276
634,9,1,2020-06-17 09:42:49.543519
635,7,1,2020-06-17 11:39:34.249658
636,9,1,2020-06-17 12:19:21.055975
637,9,1,2020-06-18 15:07:59.469073
638,11,1,2020-06-18 23:17:36.185250
639,11,1,2020-06-18 23:18:12.354666
640,2,1,2020-06-19 08:03:34.115811
641,2,1,2020-06-19 15:57:04.738185
642,4,1,2020-06-19 19:18:20.317742
643,7,1,2020-06-19 19:39:21.315428
644,9,1,2020-06-19 20:58:54.839526
645,6,1,2020-06-19 23:01:47.598422
646,2,1,2020-06-20 06:56:09.132355
647,2,1,2020-06-20 06:56:38.241158
648,8,1,2020-06-20 08:08:58.000826
649,9,1,2020-06-20 11:22:41.388613
650,2,1,2020-06-22 08:45:12.239201
651,9,1,2020-06-22 18:17:35.294666
652,9,1,2020-06-23 08:43:12.985626
653,2,1,2020-06-23 12:38:17.763002
654,4,1,2020-06-23 22:11:14.606516
655,4,1,2020-07-01 10:05:23.288987
656,4,1,2020-07-01 10:05:23.471319
657,4,1,2020-07-06 22:53:18.050498
658,4,1,2020-07-06 23:04:06.096653
659,4,1,2020-07-06 23:17:37.755658
660,4,1,2020-07-06 23:24:02.047057
661,4,1,2020-07-06 23:27:39.052046
662,4,1,2020-07-06 23:51:23.968814
663,4,1,2020-07-06 23:57:40.134461
664,4,1,2020-07-06 23:59:55.706373
665,2,1,2020-07-24 12:22:37.862794
666,4,1,2020-07-24 13:31:18.626284
667,4,1,2020-07-24 13:31:44.891340
668,4,1,2020-07-24 13:32:43.533570
669,4,1,2020-07-24 13:32:46.254418
670,4,1,2020-07-24 13:33:36.104591
671,2,1,2020-07-26 22:34:56.813940
672,4,1,2020-07-26 22:36:18.420252
673,4,1,2020-07-26 22:58:00.263326
674,4,1,2020-07-27 01:18:14.592401
675,11,1,2020-07-27 12:08:33.538366
676,9,1,2020-07-27 12:09:57.776395
677,9,1,2020-07-27 12:11:44.946834
678,4,1,2020-07-27 12:15:35.951732
679,4,1,2020-07-27 12:16:02.956805
680,9,1,2020-07-27 12:17:09.648981
681,4,1,2020-07-27 12:21:23.874580
682,4,1,2020-07-27 12:32:04.032773
683,9,1,2020-07-27 12:32:04.139198
684,4,1,2020-07-27 12:34:07.567962
685,9,1,2020-07-27 12:49:23.759915
686,9,1,2020-07-27 12:50:38.826569
687,4,1,2020-07-27 12:55:30.249284
688,9,1,2020-07-27 12:57:21.743731
689,3,1,2020-07-27 13:04:14.248958
690,8,1,2020-07-27 13:15:39.619295
691,2,1,2020-07-27 13:19:26.300006
692,9,1,2020-07-28 12:43:14.371065
693,8,1,2020-07-31 11:06:59.349481
694,8,1,2020-07-31 11:06:59.419207
695,5,1,2020-07-31 11:08:17.342319
696,8,1,2020-07-31 11:43:06.356238
697,2,1,2020-08-03 10:01:12.311425
698,4,1,2020-08-03 10:44:22.347141
699,2,1,2020-08-03 10:44:23.625067
700,4,1,2020-08-03 14:08:02.221381
701,9,1,2020-08-04 11:17:07.603870
702,8,1,2020-08-04 12:10:47.809919
703,8,1,2020-08-04 12:14:13.417912
704,8,1,2020-08-04 12:23:06.977420
705,8,1,2020-08-04 12:45:33.742414
706,8,1,2020-08-04 12:54:59.405133
707,8,1,2020-08-04 12:57:23.797013
708,8,1,2020-08-04 13:01:09.088780
